{
	"partitions" : [
		{
			"name" : "Top",
			"pins" : [
				{
					"name" : "diparador",
					"strict" : false
				},
				{
					"name" : "segmentos[1]",
					"strict" : false
				},
				{
					"name" : "segmentos[2]",
					"strict" : false
				},
				{
					"name" : "segmentos[3]",
					"strict" : false
				},
				{
					"name" : "segmentos[4]",
					"strict" : false
				},
				{
					"name" : "segmentos[5]",
					"strict" : false
				},
				{
					"name" : "segmentos[6]",
					"strict" : false
				},
				{
					"name" : "segmentos[7]",
					"strict" : false
				},
				{
					"name" : "segmentos1[1]",
					"strict" : false
				},
				{
					"name" : "segmentos1[2]",
					"strict" : false
				},
				{
					"name" : "segmentos1[3]",
					"strict" : false
				},
				{
					"name" : "segmentos1[4]",
					"strict" : false
				},
				{
					"name" : "segmentos1[5]",
					"strict" : false
				},
				{
					"name" : "segmentos1[6]",
					"strict" : false
				},
				{
					"name" : "segmentos1[7]",
					"strict" : false
				},
				{
					"name" : "segmentos2[0]",
					"strict" : false
				},
				{
					"name" : "segmentos2[1]",
					"strict" : false
				},
				{
					"name" : "segmentos2[2]",
					"strict" : false
				},
				{
					"name" : "segmentos2[3]",
					"strict" : false
				},
				{
					"name" : "segmentos2[4]",
					"strict" : false
				},
				{
					"name" : "segmentos2[5]",
					"strict" : false
				},
				{
					"name" : "segmentos2[6]",
					"strict" : false
				},
				{
					"name" : "control_servomorsito",
					"strict" : false
				},
				{
					"name" : "clk",
					"strict" : false
				},
				{
					"name" : "sw_motorsito",
					"strict" : false
				},
				{
					"name" : "eco",
					"strict" : false
				}
			]
		}
	]
}