{
	"partitions" : [
		{
			"name" : "Top",
			"pins" : [
				{
					"name" : "rows[0]",
					"strict" : false
				},
				{
					"name" : "rows[1]",
					"strict" : false
				},
				{
					"name" : "rows[2]",
					"strict" : false
				},
				{
					"name" : "rows[3]",
					"strict" : false
				},
				{
					"name" : "IND",
					"strict" : false
				},
				{
					"name" : "D1[0]",
					"strict" : false
				},
				{
					"name" : "D1[1]",
					"strict" : false
				},
				{
					"name" : "D1[2]",
					"strict" : false
				},
				{
					"name" : "D1[3]",
					"strict" : false
				},
				{
					"name" : "D1[4]",
					"strict" : false
				},
				{
					"name" : "D1[5]",
					"strict" : false
				},
				{
					"name" : "D1[6]",
					"strict" : false
				},
				{
					"name" : "D2[0]",
					"strict" : false
				},
				{
					"name" : "D2[1]",
					"strict" : false
				},
				{
					"name" : "D2[2]",
					"strict" : false
				},
				{
					"name" : "D2[3]",
					"strict" : false
				},
				{
					"name" : "D2[4]",
					"strict" : false
				},
				{
					"name" : "D2[5]",
					"strict" : false
				},
				{
					"name" : "D2[6]",
					"strict" : false
				},
				{
					"name" : "D3[0]",
					"strict" : false
				},
				{
					"name" : "D3[1]",
					"strict" : false
				},
				{
					"name" : "D3[2]",
					"strict" : false
				},
				{
					"name" : "D3[3]",
					"strict" : false
				},
				{
					"name" : "D3[4]",
					"strict" : false
				},
				{
					"name" : "D3[5]",
					"strict" : false
				},
				{
					"name" : "D3[6]",
					"strict" : false
				},
				{
					"name" : "D4[0]",
					"strict" : false
				},
				{
					"name" : "D4[1]",
					"strict" : false
				},
				{
					"name" : "D4[2]",
					"strict" : false
				},
				{
					"name" : "D4[3]",
					"strict" : false
				},
				{
					"name" : "D4[4]",
					"strict" : false
				},
				{
					"name" : "D4[5]",
					"strict" : false
				},
				{
					"name" : "D4[6]",
					"strict" : false
				},
				{
					"name" : "BUZZER",
					"strict" : false
				},
				{
					"name" : "CLK",
					"strict" : false
				},
				{
					"name" : "COLUMNAS[1]",
					"strict" : false
				},
				{
					"name" : "COLUMNAS[3]",
					"strict" : false
				},
				{
					"name" : "COLUMNAS[2]",
					"strict" : false
				},
				{
					"name" : "COLUMNAS[0]",
					"strict" : false
				}
			]
		}
	]
}