{
	"partitions" : [
		{
			"name" : "Top",
			"pins" : [
				{
					"name" : "ledG",
					"strict" : false
				},
				{
					"name" : "ledB",
					"strict" : false
				},
				{
					"name" : "control",
					"strict" : false
				},
				{
					"name" : "dispa",
					"strict" : false
				},
				{
					"name" : "dispa1",
					"strict" : false
				},
				{
					"name" : "dispa2",
					"strict" : false
				},
				{
					"name" : "in1Motor1",
					"strict" : false
				},
				{
					"name" : "in2Motor1",
					"strict" : false
				},
				{
					"name" : "in1Motor2",
					"strict" : false
				},
				{
					"name" : "in2Motor2",
					"strict" : false
				},
				{
					"name" : "in1Motor3",
					"strict" : false
				},
				{
					"name" : "in2Motor3",
					"strict" : false
				},
				{
					"name" : "reloj",
					"strict" : false
				},
				{
					"name" : "rst",
					"strict" : false
				},
				{
					"name" : "RX_WIRE",
					"strict" : false
				},
				{
					"name" : "eco",
					"strict" : false
				},
				{
					"name" : "eco1",
					"strict" : false
				},
				{
					"name" : "eco2",
					"strict" : false
				}
			]
		}
	]
}