{
	"partitions" : [
		{
			"name" : "Top",
			"pins" : [
				{
					"name" : "dispa",
					"strict" : false
				},
				{
					"name" : "segmentos[1]",
					"strict" : false
				},
				{
					"name" : "segmentos[2]",
					"strict" : false
				},
				{
					"name" : "segmentos[3]",
					"strict" : false
				},
				{
					"name" : "segmentos[4]",
					"strict" : false
				},
				{
					"name" : "segmentos[5]",
					"strict" : false
				},
				{
					"name" : "segmentos[6]",
					"strict" : false
				},
				{
					"name" : "segmentos[7]",
					"strict" : false
				},
				{
					"name" : "segmentos1[1]",
					"strict" : false
				},
				{
					"name" : "segmentos1[2]",
					"strict" : false
				},
				{
					"name" : "segmentos1[3]",
					"strict" : false
				},
				{
					"name" : "segmentos1[4]",
					"strict" : false
				},
				{
					"name" : "segmentos1[5]",
					"strict" : false
				},
				{
					"name" : "segmentos1[6]",
					"strict" : false
				},
				{
					"name" : "segmentos1[7]",
					"strict" : false
				},
				{
					"name" : "segmentos2[1]",
					"strict" : false
				},
				{
					"name" : "segmentos2[2]",
					"strict" : false
				},
				{
					"name" : "segmentos3[0]",
					"strict" : false
				},
				{
					"name" : "segmentos3[1]",
					"strict" : false
				},
				{
					"name" : "segmentos3[3]",
					"strict" : false
				},
				{
					"name" : "segmentos3[4]",
					"strict" : false
				},
				{
					"name" : "segmentos3[6]",
					"strict" : false
				},
				{
					"name" : "segmentos4[1]",
					"strict" : false
				},
				{
					"name" : "segmentos4[2]",
					"strict" : false
				},
				{
					"name" : "segmentos5[0]",
					"strict" : false
				},
				{
					"name" : "segmentos5[1]",
					"strict" : false
				},
				{
					"name" : "segmentos5[3]",
					"strict" : false
				},
				{
					"name" : "segmentos5[4]",
					"strict" : false
				},
				{
					"name" : "segmentos5[6]",
					"strict" : false
				},
				{
					"name" : "clk",
					"strict" : false
				},
				{
					"name" : "eco",
					"strict" : false
				}
			]
		}
	]
}